start_x	start_y	duration
155.04648991993497	892.4574703829629	0.23333333333333334
150.27408599853516	765.2765142917633	0.1
225.16490936279297	837.5257454599653	0.11666666666666667
105.86977549961635	760.2718356677464	0.11666666666666667
847.3400220003995	295.37432150407267	0.18333333333333332
27.38999043192182	982.2648678507123	0.11666666666666667
