start_x	start_y	duration
405.15236990792414	612.2650378090995	0.11666666666666667
1085.411355154855	533.3209960801261	0.11666666666666667
637.8123991830008	401.57024247305736	0.11666666666666667
1330.7083129882812	716.3157176971436	0.1
974.2261314392091	654.8270773887634	0.15
909.2769650050573	687.299770627703	0.11666666666666667
822.2664560590471	406.70142020498	0.11666666666666667
814.6093205043248	365.42190160070146	0.11666666666666667
768.4047726222448	320.98112532070706	0.11666666666666667
