start_x	start_y	duration
962.6018047332763	369.69328343868256	0.1
987.2327041625977	347.7017605304718	0.1
983.4129333496095	512.7257680892944	0.15
399.5086493858924	635.4256631777836	0.21666666666666667
335.8487105369568	577.5180906057358	0.13333333333333333
305.02281188964844	598.8489317893982	0.1
293.8189185749401	569.8672303286467	0.18333333333333332
