start_x	start_y	duration
678.2586994171143	380.15983057022095	0.16666666666666666
675.6106472015381	366.9528329372406	0.1
1081.4879608154297	715.1726353168488	0.1
914.7073173522949	507.6234530210495	0.16666666666666666
845.3092493329729	629.3218180111477	0.11666666666666667
713.8562774658203	263.08961033821106	0.1
1224.2561531066895	199.43063020706177	0.1
959.5316921580921	565.5566317384894	0.18333333333333332
1039.097671508789	718.9953977721078	0.11666666666666667
1059.6618175506592	691.6114246845245	0.13333333333333333
673.4791946411133	337.4322071671486	0.13333333333333333
399.5477628707886	656.4757633209229	0.1
978.6138153076172	517.7737784385681	0.2
774.8651504516602	185.64046561717987	0.1
1080.5760955810547	641.1700165271759	0.13333333333333333
947.7266006469727	337.0965517759323	0.16666666666666666
