start_x	start_y	duration
941.1353397369385	633.4628176689148	0.1
964.0217145284017	501.7193269729614	0.15
623.9064025878906	273.23119819164276	0.1
595.0211906433105	233.68359670042992	0.13333333333333333
968.6065673828126	345.32132148742676	0.1
959.6099281311035	464.93956089019775	0.1
