start_x	start_y	duration
840.0344875880651	323.20135985101973	0.11666666666666667
747.1536350250244	789.6152436733246	0.1
906.0560607910156	602.1434998512268	0.1
1460.7436425345286	519.4210042272294	0.11666666666666667
1007.9323196411133	444.1056954860687	0.1
393.1413459777832	378.21596963065014	0.11666666666666667
717.8363800048828	455.85828244686127	0.1
1001.6670036315919	364.3465518951416	0.1
