start_x	start_y	duration
413.04943864995784	692.3972231691534	0.18333333333333332
446.3284111022949	432.9331576824188	0.1
973.7527656555176	484.8709326982498	0.1
742.4083518981934	304.70715165138245	0.15
549.9220521109445	384.4349501814161	0.11666666666666667
