start_x	start_y	duration
1176.0775484357562	692.8163909912109	0.11666666666666667
764.7621250152588	737.7356350421906	0.1
481.497859954834	534.8932564258575	0.1
1065.2661768595376	524.0432810783386	0.15
