start_x	start_y	duration
876.6521644592285	413.4145142350878	0.11666666666666667
828.5579785433682	476.59284808418965	0.18333333333333332
902.9463768005371	451.26554131507874	0.1
410.7219457626343	769.411992430687	0.13333333333333333
439.1161085429944	712.5393243839867	0.31666666666666665
885.7151031494141	628.7608194351196	0.1
1057.9780033656527	540.8697622162955	0.11666666666666667
544.8104667663574	429.11502957344055	0.15
