start_x	start_y	duration
1039.4853019714355	281.94054543972015	0.1
481.3428088596889	292.88263014384677	0.11666666666666667
1168.1692028045654	422.6827968657017	0.13333333333333333
895.1572672526042	490.89550137519836	0.15
764.8163877214705	488.96521057401384	0.11666666666666667
764.7100067138672	404.3362130437578	0.11666666666666667
1004.2253494262695	558.306508745466	0.11666666666666667
792.9320526123047	544.7144293785095	0.15
630.5416652134486	554.3573529379709	0.11666666666666667
