start_x	start_y	duration
418.9393997192383	387.4511271715164	0.03333333333333333
566.7033941095526	413.8553920659152	0.18333333333333332
1256.475022055886	634.5985351909292	0.18333333333333332
783.292407989502	447.5335233552115	0.11666666666666667
1175.1282937186106	646.11346415111	0.11666666666666667
1092.935791015625	510.3211748600006	0.1
839.8194285801478	374.66467125075206	0.11666666666666667
763.5381361154409	449.7697517505059	0.21666666666666667
517.3150730133057	818.4471774101257	0.1
