start_x	start_y	duration
854.1157150268555	338.72527599334717	0.1
976.7634709676106	433.6078476905823	0.15
813.6561902364095	355.721150636673	0.15
800.1022847493489	347.84892439842224	0.15
823.8805634634836	304.21492951256886	0.11666666666666667
792.9342760358537	362.4710885116032	0.11666666666666667
833.9215278625488	314.33902093342374	0.11666666666666667
1060.5422830581665	280.2412359416485	0.13333333333333333
1755.842808314732	852.0829582214355	0.11666666666666667
