start_x	start_y	duration
632.2605450948079	356.9034254550934	0.15
284.7979627336774	790.6897871834891	0.11666666666666667
244.95726585388184	711.5348625183105	0.1
230.63181945255826	405.0308346748352	0.11666666666666667
977.8107198079426	575.2535605430603	0.15
803.0946922302246	395.8795666694641	0.13333333333333333
713.9360442528358	346.02176675429706	0.21666666666666667
1098.804931640625	388.8000154495239	0.1
