start_x	start_y	duration
830.6881523132324	702.4966979026794	0.1
546.597739628383	364.54200983047485	0.11666666666666667
541.0205268859863	478.38218092918396	0.1
