start_x	start_y	duration
695.3925641377766	692.0402598381042	0.3
717.2283162568746	653.1350477118241	0.31666666666666665
645.4772300720215	638.6022284030914	0.16666666666666666
573.7555300804876	592.065890296813	0.5166666666666667
