start_x	start_y	duration
575.3910064697266	656.3733100891113	0.15
381.8336064474923	362.3027438776834	0.11666666666666667
1320.325220893411	619.286540255827	0.2833333333333333
1364.1231536865234	726.0736063548496	0.11666666666666667
