start_x	start_y	duration
1340.1056671142578	773.2078398764133	0.26666666666666666
1306.9845380281147	748.4887199652823	0.31666666666666665
747.6854372024536	532.5496360659599	0.2
