start_x	start_y	duration
1063.3794839041575	938.0350879260471	0.11666666666666667
1477.3533248901367	704.8365497589111	0.1
1404.180119832357	496.1373281478882	0.15
