start_x	start_y	duration
567.5511741638184	506.55717372894287	0.15
468.83024851481116	560.9754252433777	0.15
1177.2926330566406	304.47258174419403	0.1
1340.9370907870207	562.1092109246688	0.18333333333333332
