start_x	start_y	duration
1319.174701145717	694.1161005837577	0.11666666666666667
