start_x	start_y	duration
1082.2715481844816	797.5858861749823	0.18333333333333332
997.6804469181942	676.3052470867451	0.21666666666666667
1102.1057796478271	587.0656388998032	0.13333333333333333
1042.363993326823	671.9573664665222	0.15
942.896144173362	533.1009302356026	0.18333333333333332
