start_x	start_y	duration
407.90058788500335	786.9452378624364	0.31666666666666665
1349.1068247744913	630.2137884340788	0.31666666666666665
1474.0814208984375	723.3740043640137	0.5333333333333333
1325.0386174519858	604.4987225532532	0.15
520.0280141830444	506.4165222644806	0.2
