start_x	start_y	duration
815.2750339508057	743.4330739974976	0.16666666666666666
847.5299263000488	762.8145790100098	0.15
