start_x	start_y	duration
622.2366714477539	566.7130315303802	0.13333333333333333
