start_x	start_y	duration
1405.2135181427002	653.4724402427673	0.2
1286.2605667114258	724.6589827537537	0.15
