start_x	start_y	duration
1034.7694301605225	620.4329332709312	0.13333333333333333
