start_x	start_y	duration
1045.4702885945637	622.817280292511	0.15
913.5851149125533	600.6868886947632	0.18333333333333332
855.8675520760672	615.1913431712559	0.11666666666666667
860.2762667338053	615.2652132511139	0.3
696.8336963653564	646.9423770904541	0.1
