start_x	start_y	duration
1832.220104762486	1004.1294847215925	0.11666666666666667
2104.793308803013	1033.1322966303144	0.11666666666666667
2028.1829452514648	957.1174800395966	0.13333333333333333
1198.5737991333008	902.7362394332886	0.1
1100.10860988072	724.9106802259173	0.11666666666666667
1203.135166168213	723.9024488925934	0.16666666666666666
2179.367218017578	1030.153956413269	0.15
