start_x	start_y	duration
557.667646408081	394.29109811782837	0.13333333333333333
