start_x	start_y	duration
405.8292818069458	635.4494118690491	0.13333333333333333
1960.3685433523997	1069.045193195343	0.11666666666666667
2008.1417707963424	1111.9560293717818	0.18333333333333332
2075.523249308268	818.7991619110107	0.15
