start_x	start_y	duration
1562.8061485290527	1029.7174966335297	0.1
1888.6763035167346	1334.722363732078	0.18333333333333332
1936.746482849121	1334.9730205535889	0.1
884.7056683627042	579.2138470302928	0.18333333333333332
896.6310882568359	581.593644618988	0.15
938.4736101017442	557.4293534700261	0.7166666666666667
946.7708996364049	592.083260331835	0.11666666666666667
880.6063556671143	711.144077539444	0.16666666666666666
1082.6689910888672	898.3296826907566	0.11666666666666667
