start_x	start_y	duration
1077.799186706543	987.387225329876	0.13333333333333333
1030.0260162353516	917.7920043468475	0.2
1008.4964752197264	536.6083896160126	0.1
961.3759517669678	602.8793907165527	0.1
967.1883646647134	621.1978554725647	0.15
928.1522750854492	621.4918355941772	0.25
1102.7883911132812	789.4729900360107	0.11666666666666667
1218.291893005371	850.7299339771271	0.13333333333333333
