start_x	start_y	duration
2237.227082685991	1225.6617164611816	0.18333333333333332
2056.311772664388	984.1286587715149	0.15
2047.4691663469587	874.8701691627502	0.11666666666666667
2122.1900939941406	1060.41359935488	0.11666666666666667
1785.8748844691684	968.7030182565961	0.11666666666666667
1604.7766276768277	775.0594946316311	0.11666666666666667
1562.3578262329102	694.639048576355	0.1
1409.5554951259066	795.4875816617694	0.11666666666666667
