start_x	start_y	duration
2063.7978254045756	1567.1542596817017	0.11666666666666667
